Address,Category 0,Category 1,Category 2,City,Distance,Name,Out of Business,Price,Rating,Review Count,State
719 Griswold St,Cannabis Dispensaries,,,Santa Ana,4983.262814966484,420 Central,False,$$,4.5,214,CA
2200 W Lafayette Blvd,Cannabis Dispensaries,Cannabis Clinics,,Santa Ana,4786.002465206536,Bud and Bloom,False,$$,4.5,163,CA
15 E Kirby St,Cannabis Dispensaries,,,Santa Ana,2060.390173028952,Blüm - Santa Ana,False,$$,5.0,74,CA
2130 Michigan Ave,Cannabis Dispensaries,,,Santa Ana,3651.2396598594514,MedMen Santa Ana,False,$$,4.5,91,CA
4730 W Vernor Hwy,Cannabis Dispensaries,,,Santa Ana,4871.9657825675595,People's OC,False,$$,3.5,246,CA
47 Watson St,Cannabis Clinics,Medical Spas,,Santa Ana,3488.0998284615575,Steady Care Medical Clinic,False,$,4.5,100,CA
1431 Times Square,Cannabis Dispensaries,,,Santa Ana,4467.444704115641,OC3 Dispensary,False,$$,4.0,71,CA
1538 Centre St,Cannabis Dispensaries,,,Santa Ana,4595.922291224025,Super Clinik,False,$$,4.0,47,CA
441 W Canfield,Cannabis Dispensaries,Cannabis Collective,,Santa Ana,2451.0059697351717,10 Spot Collective,False,$$$$,4.0,37,CA
160 W Fort St,Cannabis Dispensaries,,,Santa Ana,4966.466507510566,Mr Nice Guy,False,$$,4.0,30,CA
2100 Michigan Ave,Cannabis Dispensaries,,,Santa Ana,3660.216029559591,Evergreen,False,$$,4.0,23,CA
2030 Park Ave,Cannabis Clinics,Cannabis Dispensaries,,Santa Ana,4241.360368308549,Stoney Cannabis Delivery,False,$,3.5,44,CA
1426 Bagley Ave,Cannabis Dispensaries,,,Santa Ana,4191.453902444791,OutCo OC,False,$,5.0,7,CA
800 Woodward Ave,Cannabis Dispensaries,,,Irvine,4992.846622311745,Surfside Canna Connection,False,$$,5.0,3,CA
1234 Library St,Cannabis Dispensaries,Cannabis Collective,Medical Cannabis Referrals,Costa Mesa,4786.58735823642,Temple of Supreme Purity,False,$$,4.5,10,CA
400 E Congress St,Cannabis Dispensaries,,,Costa Mesa,5301.151958380003,Long Lodge Tribal Enterprises,False,$$,3.0,21,CA
1416 E Fisher Fwy,Cannabis Clinics,Cannabis Dispensaries,,Dana Point,4709.450915447322,Riviera,False,$$,5.0,7,CA
20510 Livernois Ave,Cannabis Dispensaries,,,Orange,10114.547072546644,BuDelivery Orange,False,$,5.0,4,CA
8047 Agnes St,Cannabis Clinics,Cannabis Dispensaries,,Los Angeles,7794.328846704235,Green Door West Delivery,False,$$,4.5,38,CA
4620 Cass Ave,Cannabis Dispensaries,Couriers & Delivery Services,,Newport Beach,2363.2455221110486,Bud Man Delivery - Newport Beach,False,$$,5.0,2,CA
2130 Michigan Ave,Cannabis Clinics,Cannabis Dispensaries,,San Jose,3651.2396598594514,Harborside,False,$$,4.0,128,CA
2520 Michigan Ave,Cannabis Dispensaries,Cannabis Collective,,San Jose,3522.0292933785536,Elemental Wellness,False,$$,4.0,132,CA
2163 Michigan Ave,Cannabis Collective,Cannabis Dispensaries,Cannabis Clinics,San Francisco,3683.7013418574566,SAVA,False,$$,5.0,24,CA
160 W Fort St,Cannabis Dispensaries,,,Oakland,4966.466507510566,Herbi,False,$$,4.0,22,CA
624 Brush St,Cannabis Dispensaries,,,Milpitas,5244.930545930927,Budee,False,$$$,2.0,32,CA
78 W Adams Ave,Cannabis Dispensaries,,,San Mateo,4284.553921587478,Higher Ground Delivery,False,$$,4.0,4,CA
30 Clifford St,Cannabis Dispensaries,,,Santa Cruz,4542.582598180416,California Greens Express,False,$$,4.5,6,CA
400 E Congress St,Cannabis Dispensaries,,,Hayward,5301.151958380003,Weed Now,False,$,2.5,8,CA
15 E Kirby St,Cannabis Clinics,Medical Spas,,Santa Ana,2060.390173028952,Steady Care Medical Clinic,False,$,4.5,100,CA
1413 Brooklyn St,Cannabis Dispensaries,,,Santa Ana,4401.3703833712,MedMen Santa Ana,False,$$,4.5,91,CA
225 Gratiot Ave,Cannabis Dispensaries,,,Santa Ana,4820.605367433968,People's OC,False,$$,3.5,246,CA
47 Watson St,Cannabis Dispensaries,Cannabis Tours,,Buena Park,3488.0998284615575,FlyBuds,False,$$,5.0,32,CA
2163 Michigan Ave,Cannabis Dispensaries,,,Santa Ana,3683.7013418574566,OC3 Dispensary,False,$$,4.0,71,CA
160 W Fort St,Cannabis Dispensaries,Cannabis Collective,Medical Cannabis Referrals,Costa Mesa,4966.466507510566,Temple of Supreme Purity,False,$$,4.5,10,CA
66 E Forest Ave,Cannabis Dispensaries,,,Costa Mesa,2573.901015743643,Long Lodge Tribal Enterprises,False,$$,3.0,21,CA
1234 Library St,Cannabis Clinics,Cannabis Dispensaries,,Santa Ana,4786.58735823642,Stoney Cannabis Delivery,False,$,3.5,44,CA
155 W Congress St,Cannabis Clinics,Cannabis Dispensaries,Cannabis Collective,Torrance,5144.162479120107,Green Cross of Torrance,False,$$,4.0,38,CA
4476 2nd Ave,Cannabis Clinics,Cannabis Dispensaries,,Los Angeles,2281.4935192473545,Green Door West Delivery,False,$$,4.5,38,CA
20510 Livernois Ave,Cannabis Dispensaries,,,Los Angeles,10114.547072546644,Clones On Fire,False,$,4.5,13,CA
8047 Agnes St,Cannabis Dispensaries,,,Costa Mesa,7794.328846704235,The Holy Church,False,$$,3.0,6,CA
4620 Cass Ave,Cannabis Dispensaries,,,Irvine,2363.2455221110486,Surfside Canna Connection,False,$$,5.0,3,CA
15 E Kirby St,Cannabis Clinics,Cannabis Dispensaries,,San Jose,2060.390173028952,Harborside,False,$$,4.0,128,CA
1413 Brooklyn St,Cannabis Dispensaries,Cannabis Collective,,San Jose,4401.3703833712,Elemental Wellness,False,$$,4.0,132,CA
4730 W Vernor Hwy,Cannabis Dispensaries,,,San Jose,4871.9657825675595,MedMen San Jose,False,$$,4.0,97,CA
47 Watson St,Cannabis Dispensaries,,,San Jose,3488.0998284615575,Santa Cruz Genetics,False,$$,4.0,18,CA
4265 Woodward Ave,Cannabis Dispensaries,,,San Jose,2656.3899477932446,White Fire,False,$$,3.5,37,CA
488 Selden St,Cannabis Dispensaries,,,San Jose,2754.659756780607,Theraleaf Relief,False,$$,3.0,18,CA
4476 2nd Ave,Cannabis Collective,Cannabis Dispensaries,Cannabis Clinics,San Francisco,2281.4935192473545,SAVA,False,$$,5.0,24,CA
76 W Adams Ave,Cannabis Dispensaries,,,Santa Cruz,4275.543511857755,California Greens Express,False,$$,4.5,6,CA
2138 Michigan Ave,Cannabis Dispensaries,,,Scottsdale,3642.5208959143565,Level Up Powered by MedMen,False,$$,3.5,32,AZ
15 E Kirby St,Cannabis Dispensaries,,,Phoenix,2060.390173028952,Trumed Dispensary,False,$$,4.5,64,AZ
4730 W Vernor Hwy,Cannabis Dispensaries,,,Gilbert,4871.9657825675595,Emerald Dispensary- Gilbert,False,$,4.0,40,AZ
2520 Michigan Ave,Cannabis Dispensaries,,,Phoenix,3522.0292933785536,AZ CBD Dispensary,False,$$$,5.0,5,AZ
1538 Centre St,Cannabis Dispensaries,,,Phoenix,4595.922291224025,Curaleaf,False,$$,4.0,14,AZ
2100 Michigan Ave,Cannabis Dispensaries,,,Phoenix,3660.216029559591,Desert Rose Dispensary,False,$,3.0,25,AZ
2462 Riopelle St,Cannabis Dispensaries,,,Phoenix,4698.363901073298,Emerald Dispensary - Phoenix,False,$$,3.5,11,AZ
155 W Congress St,Cannabis Dispensaries,,,Phoenix,5144.162479120107,Phoenix Relief Center,False,$,4.0,2,AZ
78 W Adams Ave,Cannabis Dispensaries,,,Glendale,4284.553921587478,Ponderosa Releaf,False,$$,5.0,1,AZ
2138 Michigan Ave,Cannabis Dispensaries,Cannabis Collective,,San Francisco,3642.5208959143565,MediThrive: Dispensary and Delivery Service,False,$$,4.0,362,CA
1413 Brooklyn St,Cannabis Dispensaries,,,San Francisco,4401.3703833712,Truffle Man,False,$,4.5,99,CA
3100 Woodward Ave,Cannabis Dispensaries,,,San Francisco,3466.283109169473,Grass Roots,False,$$,4.0,251,CA
4265 Woodward Ave,Cannabis Dispensaries,,,San Francisco,2656.3899477932446,Vapor Room,False,$$,4.0,123,CA
250 W Larned St,Cannabis Dispensaries,,,San Francisco,5166.182652766659,Kind Courier,False,$,5.0,37,CA
4216 Woodward Ave,Cannabis Dispensaries,,,San Francisco,2733.063454952114,Cookie Co 415 Herbal Mission,False,$$,4.0,91,CA
2030 Park Ave,Cannabis Collective,Cannabis Dispensaries,Cannabis Clinics,San Francisco,4241.360368308549,SAVA,False,$$,5.0,24,CA
155 W Congress St,Cannabis Dispensaries,,,San Francisco,5144.162479120107,The Apothecarium - Marina,False,$$,4.0,56,CA
4476 2nd Ave,Cannabis Dispensaries,,,San Francisco,2281.4935192473545,Elevated San Francisco,False,$$,4.5,22,CA
30 Clifford St,Cannabis Dispensaries,,,San Francisco,4542.582598180416,La Corona Wellness,False,$$,4.5,13,CA
2515 Riopelle St,Cannabis Dispensaries,,,San Francisco,4629.105553382671,The Apothecarium - SOMA,False,$$,3.5,20,CA
719 Griswold St,Cannabis Dispensaries,,,Kansas City,4983.262814966484,Hemp Haven-  Kansas City,False,$,5.0,1,MO
719 Griswold St,Cannabis Dispensaries,,,Santa Rosa,4983.262814966484,Organicann,False,$$,3.5,210,CA
2520 Michigan Ave,Cannabis Dispensaries,,,Sebastopol,3522.0292933785536,Solful,False,$$,4.5,61,CA
66 E Forest Ave,Cannabis Dispensaries,,,San Francisco,2573.901015743643,Beep Delivery,False,$$,2.5,3,CA
719 Griswold St,Head Shops,Cannabis Dispensaries,Vape Shops,Austin,4983.262814966484,MaryJae Smoke Culture,False,$$,5.0,20,TX
2200 W Lafayette Blvd,Cannabis Dispensaries,,,Honolulu,4786.002465206536,Noa Botanicals,False,$$,4.0,40,HI
1413 Brooklyn St,Health & Medical,Cannabis Dispensaries,,Honolulu,4401.3703833712,Aloha Green Apothecary,False,$$$,3.5,31,HI
15 E Kirby St,Cannabis Dispensaries,,,Los Angeles,2060.390173028952,Green Earth Collective,False,$$,4.5,81,CA
1413 Brooklyn St,Cannabis Clinics,Cannabis Collective,Cannabis Dispensaries,Los Angeles,4401.3703833712,Cornerstone Research Collective,False,$$,4.0,102,CA
225 Gratiot Ave,Cannabis Dispensaries,,,Hollywood,4820.605367433968,Extra Special Delivery,False,$,5.0,72,CA
47 Watson St,Cannabis Clinics,Cannabis Dispensaries,,Los Angeles,3488.0998284615575,Kushfly,False,$$,4.0,143,CA
2163 Michigan Ave,Cannabis Dispensaries,,,Los Angeles,3683.7013418574566,Organic Kind,False,$$$,5.0,36,CA
4265 Woodward Ave,Cannabis Dispensaries,,,West Hollywood,2656.3899477932446,Los Angeles Patients & Caregivers Group,False,$$,4.5,86,CA
250 W Larned St,Cannabis Dispensaries,,,West Hollywood,5166.182652766659,MedMen West Hollywood,False,$$,3.5,307,CA
4216 Woodward Ave,Cannabis Clinics,Cannabis Dispensaries,,Los Angeles,2733.063454952114,HERB,False,$$,4.5,63,CA
488 Selden St,Cannabis Dispensaries,,,West Hollywood,2754.659756780607,Top Shelf Delivery,False,$$$$,4.5,53,CA
160 W Fort St,Cannabis Dispensaries,,,Los Angeles,4966.466507510566,MedMen Downtown - DTLA,False,$$,4.0,121,CA
2100 Michigan Ave,Cannabis Dispensaries,,,Los Angeles,3660.216029559591,Universal Collective,False,$$,4.5,41,CA
2901 Grand River Ave,Cannabis Dispensaries,Cannabis Collective,,Sherman Oaks,3251.8277521559585,The Higher Path,False,$$,4.5,146,CA
1426 Bagley Ave,Cannabis Dispensaries,Herbal Shops,Pain Management,Hollywood,4191.453902444791,Herbarium,False,$$,4.5,51,CA
624 Brush St,Cannabis Dispensaries,,,Los Angeles,5244.930545930927,Exhalence LA,False,$$$$,4.5,32,CA
78 W Adams Ave,Cannabis Dispensaries,,,Glendale,4284.553921587478,Cannajuana Releaf,False,$$,5.0,4,CA
1439 Griswold St,Cannabis Dispensaries,Cannabis Clinics,Cannabis Collective,Los Angeles,4594.565250118177,Western Caregivers / California Cannabis Melrose,False,$$,4.5,31,CA
2515 Riopelle St,Cannabis Dispensaries,,,West Hollywood,4629.105553382671,Alternative Herbal Health Services,False,$$,4.5,37,CA
419 Monroe St,Cannabis Dispensaries,,,Los Angeles,4985.225276526923,MedMen Abbot Kinney,False,$,4.5,88,CA
3500 Gilbert St,Cannabis Clinics,Cannabis Dispensaries,Couriers & Delivery Services,Santa Monica,4555.72037652791,Pot Valet,False,$$,4.5,55,CA
719 Griswold St,Cannabis Dispensaries,,,San Diego,4983.262814966484,Torrey Holistics,False,$$,4.5,248,CA
2200 W Lafayette Blvd,Water Stores,Vitamins & Supplements,Cannabis Dispensaries,San Diego,4786.002465206536,Pure Water Health,False,$,5.0,77,CA
2138 Michigan Ave,Cannabis Dispensaries,,,San Diego,3642.5208959143565,Urbn Leaf,False,$$,4.0,269,CA
225 Gratiot Ave,Cannabis Dispensaries,,,San Diego,4820.605367433968,Goldn Bloom,False,$$,4.5,95,CA
4730 W Vernor Hwy,Cannabis Dispensaries,,,San Diego,4871.9657825675595,San Diego Recreational Cannabis - SDRC,False,$$,4.0,120,CA
2163 Michigan Ave,Cannabis Dispensaries,,,San Diego,3683.7013418574566,MedMen Kearny Mesa,False,$$,4.0,71,CA
4216 Woodward Ave,Cannabis Dispensaries,Couriers & Delivery Services,Medical Cannabis Referrals,San Diego,2733.063454952114,M Delivers,False,$,4.5,20,CA
441 W Canfield,Cannabis Clinics,Cannabis Dispensaries,,San Diego,2451.0059697351717,A Green Alternative,False,$$,4.5,32,CA
488 Selden St,Cannabis Dispensaries,,,Chula Vista,2754.659756780607,Mom & Crops,False,$$,5.0,9,CA
2100 Michigan Ave,Cannabis Dispensaries,,,San Diego,3660.216029559591,Apothekare - San Diego,False,$$$,3.5,45,CA
1234 Library St,Cannabis Clinics,Hospice,Organic Stores,San Diego,4786.58735823642,Los Primos Hermanos,False,$$,4.5,7,CA
1439 Griswold St,Cannabis Dispensaries,,,San Diego,4594.565250118177,Quality Therapeutics,False,$,4.5,6,CA
30 Clifford St,Cannabis Dispensaries,Cannabis Clinics,,San Diego,4542.582598180416,Left Coast Collective,False,$$,5.0,4,CA
400 E Congress St,Cannabis Dispensaries,,,San Diego,5301.151958380003,Luxe Holistics,False,$,3.0,10,CA
8047 Agnes St,Cannabis Dispensaries,,,San Diego,7794.328846704235,Green Car Delivery,False,$,3.5,3,CA
719 Griswold St,Cannabis Dispensaries,,,Gilbert,4983.262814966484,Emerald Dispensary- Gilbert,False,$,4.0,40,AZ
2138 Michigan Ave,Cannabis Dispensaries,,,Phoenix,3642.5208959143565,Trumed Dispensary,False,$$,4.5,64,AZ
15 E Kirby St,Vape Shops,Cannabis Dispensaries,Herbal Shops,Mesa,2060.390173028952,Red Star Vapor & CBD,False,$,3.5,46,AZ
4730 W Vernor Hwy,Cannabis Dispensaries,,,Chandler,4871.9657825675595,Oasis Dispensaries - South,False,$$$,3.5,30,AZ
2163 Michigan Ave,Cannabis Dispensaries,,,Mesa,3683.7013418574566,Kind Meds,False,$$$,4.5,9,AZ
1431 Times Square,Cannabis Dispensaries,,,Phoenix,4467.444704115641,Curaleaf,False,$$,4.0,14,AZ
2100 Michigan Ave,Cannabis Dispensaries,,,Queen Creek,3660.216029559591,Reef Dispensaries,False,$,2.5,9,AZ
1456 Woodward Ave,Cannabis Dispensaries,,,Mesa,4612.7852283475995,Greenpharms Dispensary Mesa,False,$$,2.0,15,AZ
2030 Park Ave,Cannabis Dispensaries,,,Phoenix,4241.360368308549,Desert Rose Dispensary,False,$,3.0,25,AZ
719 Griswold St,Cannabis Dispensaries,,,Anaheim,4983.262814966484,Strain Depot,False,$$,4.0,50,CA
2200 W Lafayette Blvd,Cannabis Dispensaries,,,Santa Ana,4786.002465206536,420 Central,False,$$,4.5,214,CA
15 E Kirby St,Cannabis Dispensaries,Cannabis Clinics,,Santa Ana,2060.390173028952,Bud and Bloom,False,$$,4.5,163,CA
1413 Brooklyn St,Cannabis Clinics,Medical Spas,,Santa Ana,4401.3703833712,Steady Care Medical Clinic,False,$,4.5,100,CA
2520 Michigan Ave,Cannabis Dispensaries,,,Santa Ana,3522.0292933785536,MedMen Santa Ana,False,$$,4.5,91,CA
47 Watson St,Cannabis Dispensaries,Cannabis Tours,,Buena Park,3488.0998284615575,FlyBuds,False,$$,5.0,32,CA
1431 Times Square,Cannabis Dispensaries,,,Santa Ana,4467.444704115641,People's OC,False,$$,3.5,246,CA
4216 Woodward Ave,Cannabis Dispensaries,,,Santa Ana,2733.063454952114,OC3 Dispensary,False,$$,4.0,71,CA
2100 Michigan Ave,Cannabis Dispensaries,,,Fullerton,3660.216029559591,ECC Ease Cannabis Delivery,False,$$,5.0,5,CA
800 Woodward Ave,Cannabis Dispensaries,,,Santa Ana,4992.846622311745,Evergreen,False,$$,4.0,23,CA
1234 Library St,Cannabis Clinics,Cannabis Dispensaries,,Santa Ana,4786.58735823642,Stoney Cannabis Delivery,False,$,3.5,44,CA
612 Woodward Ave,Cannabis Dispensaries,,,Anaheim,5143.369467083192,Green on Green Delivery,False,$$,3.5,8,CA
155 W Congress St,Cannabis Dispensaries,,,Orange,5144.162479120107,BuDelivery Orange,False,$,5.0,4,CA
1454 Gratiot Ave,Cannabis Dispensaries,Cannabis Clinics,,Anaheim,4812.29897019413,The Bakery,False,$$,2.0,10,CA
420 Peterboro St,Cannabis Clinics,Cannabis Dispensaries,,Los Angeles,3202.973233018868,Green Door West Delivery,False,$$,4.5,38,CA
8047 Agnes St,Cannabis Dispensaries,Cannabis Collective,Medical Cannabis Referrals,Costa Mesa,7794.328846704235,Temple of Supreme Purity,False,$$,4.5,10,CA
719 Griswold St,Cannabis Dispensaries,,,Chula Vista,4983.262814966484,Mom & Crops,False,$$,5.0,9,CA
2200 W Lafayette Blvd,Cannabis Dispensaries,,,San Diego,4786.002465206536,Goldn Bloom,False,$$,4.5,95,CA
15 E Kirby St,Cannabis Dispensaries,,,San Diego,2060.390173028952,Torrey Holistics,False,$$,4.5,248,CA
1413 Brooklyn St,Cannabis Dispensaries,,,San Diego,4401.3703833712,Urbn Leaf,False,$$,4.0,269,CA
2130 Michigan Ave,Cannabis Dispensaries,Cannabis Clinics,,San Diego,3651.2396598594514,Eastlake Greens Collective,False,$$,4.5,10,CA
4730 W Vernor Hwy,Cannabis Clinics,Cannabis Dispensaries,,San Diego,4871.9657825675595,A Green Alternative,False,$$,4.5,32,CA
1431 Times Square,Cannabis Dispensaries,Couriers & Delivery Services,Medical Cannabis Referrals,San Diego,4467.444704115641,M Delivers,False,$,4.5,20,CA
4216 Woodward Ave,Cannabis Dispensaries,Cannabis Clinics,,San Diego,2733.063454952114,Left Coast Collective,False,$$,5.0,4,CA
155 W Congress St,Cannabis Dispensaries,,,San Diego,5144.162479120107,Quality Therapeutics,False,$,4.5,6,CA
4620 Cass Ave,Cannabis Dispensaries,,,San Diego,2363.2455221110486,Encinitas Hemp,False,$$$,3.0,2,WY
719 Griswold St,Cannabis Dispensaries,,,Miami,4983.262814966484,Trulieve - Miami,False,$$$,4.0,22,FL
2200 W Lafayette Blvd,Cannabis Dispensaries,,,Honolulu,4786.002465206536,Noa Botanicals,False,$$,4.0,40,HI
15 E Kirby St,Vape Shops,Cannabis Tours,,Honolulu,2060.390173028952,Black Edition Liquidz,False,$,4.5,11,HI
2130 Michigan Ave,Health & Medical,Cannabis Dispensaries,,Honolulu,3651.2396598594514,Aloha Green Apothecary,False,$$$,3.5,31,HI
2138 Michigan Ave,Cannabis Dispensaries,,,Los Angeles,3642.5208959143565,Exhalence LA,False,$$$$,4.5,32,CA
1413 Brooklyn St,Cannabis Dispensaries,Cannabis Clinics,Cannabis Collective,Los Angeles,4401.3703833712,Green Valley Collective,False,$$,3.5,57,CA
488 Selden St,Cannabis Dispensaries,,,Port Hueneme,2754.659756780607,From The Earth,False,$$,3.0,9,CA
2030 Park Ave,Cannabis Dispensaries,,,Lake Forest,4241.360368308549,Green Cross Health Dispensary And Delivery,False,$$,5.0,1,CA
719 Griswold St,Cannabis Dispensaries,,,Chandler,4983.262814966484,Oasis Dispensaries - South,False,$$$,3.5,30,AZ
1413 Brooklyn St,Cannabis Dispensaries,,,Gilbert,4401.3703833712,Emerald Dispensary- Gilbert,False,$,4.0,40,AZ
225 Gratiot Ave,Cannabis Dispensaries,,,Phoenix,4820.605367433968,Trumed Dispensary,False,$$,4.5,64,AZ
2130 Michigan Ave,Vape Shops,Cannabis Dispensaries,Herbal Shops,Mesa,3651.2396598594514,Red Star Vapor & CBD,False,$,3.5,46,AZ
1431 Times Square,Cannabis Dispensaries,,,Mesa,4467.444704115641,Kind Meds,False,$$$,4.5,9,AZ
1456 Woodward Ave,Cannabis Dispensaries,,,Phoenix,4612.7852283475995,Curaleaf,False,$$,4.0,14,AZ
1234 Library St,Cannabis Dispensaries,,,Guadalupe,4786.58735823642,The Mint Dispensary,False,$$,2.5,21,AZ
624 Brush St,Cannabis Dispensaries,,,Phoenix,5244.930545930927,Desert Rose Dispensary,False,$,3.0,25,AZ
612 Woodward Ave,Cannabis Dispensaries,,,Phoenix,5143.369467083192,Emerald Dispensary - Phoenix,False,$$,3.5,11,AZ
15 E Kirby St,Cannabis Dispensaries,Naturopathic/Holistic,,Oceanside,2060.390173028952,Calm Cool and Collective,False,$,4.5,7,CA
2130 Michigan Ave,Cannabis Dispensaries,,,San Diego,3651.2396598594514,Urbn Leaf,False,$$,4.0,269,CA
1431 Times Square,Cannabis Dispensaries,,,Escondido,4467.444704115641,San Diego Natural,False,$$,4.5,7,CA
441 W Canfield,Cannabis Dispensaries,,,San Diego,2451.0059697351717,Quality Therapeutics,False,$,4.5,6,CA
160 W Fort St,Cannabis Dispensaries,Couriers & Delivery Services,Medical Cannabis Referrals,San Diego,4966.466507510566,M Delivers,False,$,4.5,20,CA
624 Brush St,Cannabis Dispensaries,Cannabis Clinics,,San Diego,5244.930545930927,Left Coast Collective,False,$$,5.0,4,CA
612 Woodward Ave,Cannabis Dispensaries,,,San Diego,5143.369467083192,Encinitas Hemp,False,$$$,3.0,2,WY
15 E Kirby St,Cannabis Dispensaries,,,Oakland,2060.390173028952,Blüm - Oakland,False,$$,3.5,144,CA
1538 Centre St,Cannabis Dispensaries,,,Oakland,4595.922291224025,Herbi,False,$$,4.0,22,CA
155 W Congress St,Cannabis Dispensaries,,,Oakland,5144.162479120107,Weed Now - Oakland,False,$$,3.5,11,CA
1416 E Fisher Fwy,Cannabis Collective,Cannabis Dispensaries,Cannabis Clinics,San Francisco,4709.450915447322,SAVA,False,$$,5.0,24,CA
500 Woodward Ave,Cannabis Dispensaries,,,Oakland,5184.276642808492,Jingletown Cannabis Club,False,$,5.0,3,CA
8047 Agnes St,Cannabis Dispensaries,,,Oakland,7794.328846704235,Eaze,False,$$$$,2.0,44,CA
3500 Gilbert St,Cannabis Dispensaries,,,Oakland,4555.72037652791,Green Boutique Collective,False,$$,5.0,2,CA
15 E Kirby St,Cannabis Dispensaries,,,Phoenix,2060.390173028952,Trumed Dispensary,False,$$,4.5,64,AZ
225 Gratiot Ave,Vape Shops,Cannabis Dispensaries,Herbal Shops,Mesa,4820.605367433968,Red Star Vapor & CBD,False,$,3.5,46,AZ
2130 Michigan Ave,Cannabis Dispensaries,,,Mesa,3651.2396598594514,Kind Meds,False,$$$,4.5,9,AZ
1538 Centre St,Cannabis Dispensaries,,,Gilbert,4595.922291224025,Emerald Dispensary- Gilbert,False,$,4.0,40,AZ
2462 Riopelle St,Cannabis Dispensaries,,,Guadalupe,4698.363901073298,The Mint Dispensary,False,$$,2.5,21,AZ
400 E Congress St,Cannabis Dispensaries,,,Chandler,5301.151958380003,Oasis Dispensaries - South,False,$$$,3.5,30,AZ
1416 E Fisher Fwy,Cannabis Dispensaries,,,Phoenix,4709.450915447322,Curaleaf,False,$$,4.0,14,AZ
3500 Gilbert St,Cannabis Dispensaries,,,Phoenix,4555.72037652791,Desert Rose Dispensary,False,$,3.0,25,AZ
608 Woodward Ave,Cannabis Dispensaries,,,Phoenix,5151.596983386501,Emerald Dispensary - Phoenix,False,$$,3.5,11,AZ
719 Griswold St,Cannabis Dispensaries,,,Santa Ana,4983.262814966484,420 Central,False,$$,4.5,214,CA
2200 W Lafayette Blvd,Cannabis Dispensaries,Cannabis Clinics,,Santa Ana,4786.002465206536,Bud and Bloom,False,$$,4.5,163,CA
15 E Kirby St,Cannabis Clinics,Medical Spas,,Santa Ana,2060.390173028952,Steady Care Medical Clinic,False,$,4.5,100,CA
1413 Brooklyn St,Cannabis Dispensaries,,,Santa Ana,4401.3703833712,Blüm - Santa Ana,False,$$,5.0,74,CA
225 Gratiot Ave,Cannabis Dispensaries,,,Santa Ana,4820.605367433968,MedMen Santa Ana,False,$$,4.5,91,CA
2130 Michigan Ave,Cannabis Dispensaries,Cannabis Tours,,Buena Park,3651.2396598594514,FlyBuds,False,$$,5.0,32,CA
2520 Michigan Ave,Cannabis Dispensaries,,,Santa Ana,3522.0292933785536,People's OC,False,$$,3.5,246,CA
1431 Times Square,Cannabis Dispensaries,,,Anaheim,4467.444704115641,Strain Depot,False,$$,4.0,50,CA
4265 Woodward Ave,Cannabis Dispensaries,,,Santa Ana,2656.3899477932446,Super Clinik,False,$$,4.0,47,CA
250 W Larned St,Cannabis Dispensaries,,,Santa Ana,5166.182652766659,OC3 Dispensary,False,$$,4.0,71,CA
2901 Grand River Ave,Cannabis Dispensaries,,,Santa Ana,3251.8277521559585,Evergreen,False,$$,4.0,23,CA
66 E Forest Ave,Cannabis Dispensaries,Cannabis Collective,,Santa Ana,2573.901015743643,10 Spot Collective,False,$$$$,4.0,37,CA
2462 Riopelle St,Cannabis Dispensaries,,,Santa Ana,4698.363901073298,Mr Nice Guy,False,$$,4.0,30,CA
1439 Griswold St,Cannabis Dispensaries,,,Santa Ana,4594.565250118177,OutCo OC,False,$,5.0,7,CA
1416 E Fisher Fwy,Cannabis Clinics,Cannabis Dispensaries,,Santa Ana,4709.450915447322,Stoney Cannabis Delivery,False,$,3.5,44,CA
420 Peterboro St,Cannabis Dispensaries,,,Orange,3202.973233018868,BuDelivery Orange,False,$,5.0,4,CA
20510 Livernois Ave,Cannabis Clinics,Cannabis Dispensaries,Cannabis Collective,Torrance,10114.547072546644,Green Cross of Torrance,False,$$,4.0,38,CA
2515 Riopelle St,Cannabis Clinics,Cannabis Dispensaries,,Los Angeles,4629.105553382671,Green Door West Delivery,False,$$,4.5,38,CA
419 Monroe St,Cannabis Dispensaries,Cannabis Collective,Medical Cannabis Referrals,Costa Mesa,4985.225276526923,Temple of Supreme Purity,False,$$,4.5,10,CA
608 Woodward Ave,Cannabis Dispensaries,,,Fullerton,5151.596983386501,ECC Ease Cannabis Delivery,False,$$,5.0,5,CA
2138 Michigan Ave,Cannabis Clinics,Cannabis Dispensaries,,Denver,3642.5208959143565,L'Eagle Services,False,$$,4.5,56,CO
1413 Brooklyn St,Cannabis Dispensaries,,,Denver,4401.3703833712,Kind Love Dispensary,False,$$,4.0,150,CO
4730 W Vernor Hwy,Cannabis Clinics,Cannabis Dispensaries,,Denver,4871.9657825675595,Ballpark Holistic Dispensary,False,$$,4.0,82,CO
2520 Michigan Ave,Cannabis Clinics,Cannabis Dispensaries,,Denver,3522.0292933785536,Simply Pure Denver Dispensary,False,$$,4.5,36,CO
1431 Times Square,Cannabis Clinics,Cannabis Dispensaries,,Denver,4467.444704115641,Pure Marijuana Dispensary,False,$$,4.0,70,CO
4265 Woodward Ave,Cannabis Dispensaries,,,Denver,2656.3899477932446,Native Roots Wellness,False,$$,3.5,120,CO
250 W Larned St,Cannabis Dispensaries,,,Denver,5166.182652766659,Euflora,False,$$,3.5,133,CO
441 W Canfield,Cannabis Clinics,Cannabis Dispensaries,,Denver,2451.0059697351717,The Herbal Cure,False,$$,4.5,52,CO
488 Selden St,Cannabis Dispensaries,,,Denver,2754.659756780607,Medicine Man - Denver,False,$$,4.0,82,CO
160 W Fort St,Cannabis Clinics,Cannabis Dispensaries,,Denver,4966.466507510566,Colorado Harvest Company,False,$,4.0,49,CO
2030 Park Ave,Cannabis Clinics,Cannabis Dispensaries,,Denver,4241.360368308549,Colorado Harvest Company,False,$,4.5,29,CO
2901 Grand River Ave,Cannabis Dispensaries,,,Denver,3251.8277521559585,Herban Underground,False,$$,5.0,12,CO
1426 Bagley Ave,Cannabis Dispensaries,,,Denver,4191.453902444791,Diego Pellicer,False,$,4.0,45,CO
800 Woodward Ave,Cannabis Clinics,Cannabis Dispensaries,,Denver,4992.846622311745,The Green Solution,False,$$,4.0,53,CO
66 E Forest Ave,Cannabis Dispensaries,,,Denver,2573.901015743643,Denver Dispensary,False,$,4.5,23,CO
2462 Riopelle St,Cannabis Dispensaries,,,Denver,4698.363901073298,LaConte's Clone Bar & Dispensary,False,$,4.5,28,CO
612 Woodward Ave,Bus Tours,Cannabis Tours,Nightlife,Denver,5143.369467083192,Loopr,False,$,4.0,29,CO
155 W Congress St,Cannabis Dispensaries,,,Denver,5144.162479120107,Pure Marijuana Dispensary,False,$$,4.0,33,CO
78 W Adams Ave,Cannabis Dispensaries,,,Denver,4284.553921587478,Affinity Dispensary,False,$$,4.0,34,CO
4476 2nd Ave,Cannabis Dispensaries,,,Denver,2281.4935192473545,Sacred Seed,False,$$,4.0,30,CO
30 Clifford St,Cannabis Clinics,Cannabis Dispensaries,,Denver,4542.582598180416,Silver Stem Fine Cannabis - Denver SW,False,$$,4.0,28,CO
2515 Riopelle St,Head Shops,Cannabis Dispensaries,,Denver,4629.105553382671,The Kind Room,False,$$,4.5,10,CO
8047 Agnes St,Cannabis Clinics,Cannabis Dispensaries,,Edgewater,7794.328846704235,The Green Solution,False,$$,4.0,91,CO
419 Monroe St,Cannabis Clinics,Cannabis Dispensaries,,Denver,4985.225276526923,Peak Dispensary,False,$$,4.0,18,CO
2200 W Lafayette Blvd,Cannabis Dispensaries,,,Phoenix,4786.002465206536,Trumed Dispensary,False,$$,4.5,64,AZ
2130 Michigan Ave,Cannabis Dispensaries,,,Youngtown,3651.2396598594514,Curaleaf Youngtown,False,$,4.5,8,AZ
2520 Michigan Ave,Cannabis Dispensaries,,,Sun City,3522.0292933785536,All Greens Dispensary,False,$,2.5,10,AZ
47 Watson St,Cannabis Dispensaries,,,Sun City,3488.0998284615575,White Mountain Health Center,False,$$,2.0,5,AZ
3100 Woodward Ave,Cannabis Dispensaries,,,Phoenix,3466.283109169473,Curaleaf,False,$$,4.0,14,AZ
441 W Canfield,Cannabis Dispensaries,,,Phoenix,2451.0059697351717,Desert Rose Dispensary,False,$,3.0,25,AZ
1456 Woodward Ave,Cannabis Dispensaries,,,Phoenix,4612.7852283475995,Emerald Dispensary - Phoenix,False,$$,3.5,11,AZ
66 E Forest Ave,Cannabis Dispensaries,,,Glendale,2573.901015743643,Ponderosa Releaf,False,$$,5.0,1,AZ
612 Woodward Ave,Cannabis Dispensaries,,,Phoenix,5143.369467083192,Phoenix Relief Center,False,$,4.0,2,AZ
78 W Adams Ave,Cannabis Dispensaries,,,El Mirage,4284.553921587478,Wickenburg Alternative Medicine,False,$$$,1.0,1,AZ
2200 W Lafayette Blvd,Cannabis Clinics,Cannabis Dispensaries,,Aurora,4786.002465206536,Euflora,False,$$,4.0,90,CO
15 E Kirby St,Cannabis Clinics,Cannabis Dispensaries,,Aurora,2060.390173028952,Colorado Harvest Company,False,$,4.0,35,CO
1413 Brooklyn St,Cannabis Clinics,Cannabis Dispensaries,,Aurora,4401.3703833712,The Green Solution,False,$$,3.5,57,CO
225 Gratiot Ave,Cannabis Dispensaries,,,Aurora,4820.605367433968,Euflora,False,$$,3.5,33,CO
4730 W Vernor Hwy,Cannabis Dispensaries,,,Aurora,4871.9657825675595,Rocky Road - Aurora,False,$$$,4.0,21,CO
2520 Michigan Ave,Cannabis Dispensaries,,,Aurora,3522.0292933785536,Terrapin Care Station,False,$$,3.5,32,CO
47 Watson St,Cannabis Dispensaries,,,Aurora,3488.0998284615575,Medicine Man - Aurora,False,$$,3.5,38,CO
1431 Times Square,Cannabis Dispensaries,,,Denver,4467.444704115641,Medicine Man - Denver,False,$$,4.0,82,CO
4265 Woodward Ave,Cannabis Clinics,Cannabis Dispensaries,,Denver,2656.3899477932446,L'Eagle Services,False,$$,4.5,56,CO
1538 Centre St,Cannabis Dispensaries,,,Aurora,4595.922291224025,Altitude The Dispensary,False,$,4.0,12,CO
4216 Woodward Ave,Cannabis Clinics,Cannabis Dispensaries,,Denver,2733.063454952114,Ballpark Holistic Dispensary,False,$$,4.0,82,CO
441 W Canfield,Cannabis Dispensaries,,,Aurora,2451.0059697351717,Green Dragon,False,$$$,3.5,18,CO
2100 Michigan Ave,Cannabis Dispensaries,,,Glendale,3660.216029559591,Life Flower Dispensary,False,$$,4.0,31,CO
1456 Woodward Ave,Cannabis Dispensaries,,,Denver,4612.7852283475995,Sacred Seed,False,$$,4.0,30,CO
2901 Grand River Ave,Cannabis Dispensaries,,,Denver,3251.8277521559585,Affinity Dispensary,False,$$,4.0,34,CO
1426 Bagley Ave,Cannabis Dispensaries,,,Glendale,4191.453902444791,Smokin Gun Apothecary,False,$$,3.5,50,CO
800 Woodward Ave,Cannabis Dispensaries,,,Denver,4992.846622311745,Nature's Herbs and Wellness - DTC,False,$$$,4.0,16,CO
66 E Forest Ave,Cannabis Clinics,Cannabis Dispensaries,,Denver,2573.901015743643,The Green Solution,False,$$,4.0,53,CO
2462 Riopelle St,Cannabis Dispensaries,,,Denver,4698.363901073298,Pure Marijuana Dispensary,False,$$,4.0,33,CO
1234 Library St,Cannabis Dispensaries,,,Denver,4786.58735823642,Ascend Cannabis,False,$$,4.5,12,CO
624 Brush St,Cannabis Dispensaries,,,Denver,5244.930545930927,Herban Underground,False,$$,5.0,12,CO
612 Woodward Ave,Cannabis Dispensaries,,,Denver,5143.369467083192,Altitude The Dispensary,False,$$,4.0,18,CO
78 W Adams Ave,Cannabis Dispensaries,,,Denver,4284.553921587478,Denver Dispensary,False,$,4.5,23,CO
3148 Woodward Ave,Cannabis Dispensaries,,,Aurora,3395.179073872804,Starbuds,False,$,4.0,6,CO
1439 Griswold St,Cannabis Dispensaries,,,Aurora,4594.565250118177,Lightshade Rec Dispensary,False,$$,3.0,14,CO
30 Clifford St,Cannabis Clinics,Cannabis Dispensaries,,Aurora,4542.582598180416,The Green Solution,False,$$,2.5,14,CO
1416 E Fisher Fwy,Cannabis Dispensaries,,,Aurora,4709.450915447322,Lightshade Rec Dispensary,False,$$,3.0,10,CO
420 Peterboro St,Cannabis Clinics,Cannabis Dispensaries,,Aurora,3202.973233018868,The Green Solution,False,$$,2.5,11,CO
8047 Agnes St,Cannabis Clinics,Cannabis Dispensaries,,Denver,7794.328846704235,Silver Stem Fine Cannabis - Denver SW,False,$$,4.0,28,CO
419 Monroe St,Bus Tours,Cannabis Tours,Nightlife,Denver,4985.225276526923,Loopr,False,$,4.0,29,CO
76 W Adams Ave,Head Shops,Cannabis Dispensaries,,Denver,4275.543511857755,The Kind Room,False,$$,4.5,10,CO
3500 Gilbert St,Cannabis Clinics,Cannabis Dispensaries,,Aurora,4555.72037652791,Green Heart,False,$$,2.0,12,CO
608 Woodward Ave,Cannabis Dispensaries,,,Aurora,5151.596983386501,Terrapin Care Station,False,$$,2.0,20,CO
1413 Brooklyn St,Cannabis Dispensaries,,,"Washington, DC",4401.3703833712,Metropolitan Wellness Center,False,$$$,3.0,15,DC
1431 Times Square,Cannabis Dispensaries,,,"Washington, DC",4467.444704115641,Capital Buds,False,$$$,4.0,4,DC
1538 Centre St,Cannabis Clinics,Cannabis Collective,Cannabis Dispensaries,"Washington, DC",4595.922291224025,The Cali Consortium,False,$$$$,3.0,2,DC
2200 W Lafayette Blvd,Gift Shops,Jewelry,Cannabis Clinics,Charlotte,4786.002465206536,Sunshine Daydreams,False,$$,4.0,9,NC
2138 Michigan Ave,Cannabis Dispensaries,,,Seattle,3642.5208959143565,Have a Heart - Belltown,False,$$,4.0,139,WA
1413 Brooklyn St,Cannabis Dispensaries,,,Seattle,4401.3703833712,OZ. Recreational Cannabis,False,$$,5.0,37,WA
225 Gratiot Ave,Cannabis Dispensaries,,,Seattle,4820.605367433968,Pot Shop Seattle,False,$$,4.5,34,WA
47 Watson St,Cannabis Clinics,Cannabis Dispensaries,,Seattle,3488.0998284615575,American Mary,False,$$,4.0,51,WA
2163 Michigan Ave,Cannabis Dispensaries,,,Seattle,3683.7013418574566,Ponder Cannabis Shop,False,$$,4.0,43,WA
1431 Times Square,Cannabis Dispensaries,,,Seattle,4467.444704115641,Origins Cannabis,False,$$$,4.0,36,WA
4265 Woodward Ave,Cannabis Clinics,Head Shops,,Seattle,2656.3899477932446,Hashtag Cannabis - Fremont,False,$$,4.0,50,WA
1538 Centre St,Cannabis Dispensaries,,,Seattle,4595.922291224025,Lux Pot Shop,False,$,3.5,59,WA
4216 Woodward Ave,Cannabis Dispensaries,,,Seattle,2733.063454952114,Diego Pellicer,False,$$,4.0,25,WA
441 W Canfield,Cannabis Dispensaries,Organic Stores,,Seattle,2451.0059697351717,The Green Door Seattle,False,$$,4.0,30,WA
2100 Michigan Ave,Cannabis Clinics,Head Shops,,Seattle,3660.216029559591,Ocean Greens,False,$$,4.0,35,WA
1456 Woodward Ave,Cannabis Dispensaries,,,Seattle,4612.7852283475995,Ruckus Recreational Cannabis,False,$$$,4.0,24,WA
1426 Bagley Ave,Cannabis Clinics,Vape Shops,,Bellevue,4191.453902444791,The Novel Tree,False,$$,4.5,80,WA
800 Woodward Ave,Cannabis Dispensaries,,,Seattle,4992.846622311745,Trees Pot Shop,False,$$,4.0,22,WA
66 E Forest Ave,Cannabis Dispensaries,,,Seattle,2573.901015743643,Grass & Glass,False,$$$,4.0,21,WA
155 W Congress St,Cannabis Dispensaries,,,Seattle,5144.162479120107,Uncle Ike's White Center,False,$$,3.5,33,WA
78 W Adams Ave,Cannabis Dispensaries,,,Seattle,4284.553921587478,Green Fire Cannabis,False,$$,4.0,9,WA
30 Clifford St,Cannabis Dispensaries,,,Seattle,4542.582598180416,Canna West Seattle,False,$$,3.5,14,WA
2515 Riopelle St,Cannabis Dispensaries,,,Seattle,4629.105553382671,Nimbin Pot Shop,False,$$,3.0,19,WA
419 Monroe St,Cannabis Dispensaries,,,Bellevue,4985.225276526923,Green-Theory Factoria,False,$$,4.0,88,WA
608 Woodward Ave,Cannabis Dispensaries,,,Bellevue,5151.596983386501,Green-Theory BelRed,False,$$,4.5,19,WA
2200 W Lafayette Blvd,Cannabis Dispensaries,,,Romeoville,4786.002465206536,Midwest Compassion Center Cannabis Dispensary,False,$$,5.0,4,IL
719 Griswold St,Cannabis Dispensaries,,,Santa Ana,4983.262814966484,420 Central,False,$$,4.5,214,CA
2200 W Lafayette Blvd,Cannabis Dispensaries,Cannabis Clinics,,Santa Ana,4786.002465206536,Bud and Bloom,False,$$,4.5,163,CA
15 E Kirby St,Cannabis Dispensaries,,,Santa Ana,2060.390173028952,Blüm - Santa Ana,False,$$,5.0,74,CA
1413 Brooklyn St,Cannabis Clinics,Medical Spas,,Santa Ana,4401.3703833712,Steady Care Medical Clinic,False,$,4.5,100,CA
225 Gratiot Ave,Cannabis Dispensaries,,,Santa Ana,4820.605367433968,MedMen Santa Ana,False,$$,4.5,91,CA
2130 Michigan Ave,Cannabis Dispensaries,,,Santa Ana,3651.2396598594514,People's OC,False,$$,3.5,246,CA
2163 Michigan Ave,Cannabis Dispensaries,,,Santa Ana,3683.7013418574566,OC3 Dispensary,False,$$,4.0,71,CA
3100 Woodward Ave,Cannabis Dispensaries,,,Santa Ana,3466.283109169473,Super Clinik,False,$$,4.0,47,CA
441 W Canfield,Cannabis Dispensaries,Cannabis Collective,,Santa Ana,2451.0059697351717,10 Spot Collective,False,$$$$,4.0,37,CA
488 Selden St,Cannabis Dispensaries,,,Santa Ana,2754.659756780607,Evergreen,False,$$,4.0,23,CA
2100 Michigan Ave,Cannabis Dispensaries,,,Santa Ana,3660.216029559591,Mr Nice Guy,False,$$,4.0,30,CA
1456 Woodward Ave,Cannabis Clinics,Cannabis Dispensaries,,Santa Ana,4612.7852283475995,Stoney Cannabis Delivery,False,$,3.5,44,CA
2030 Park Ave,Cannabis Dispensaries,,,Santa Ana,4241.360368308549,OutCo OC,False,$,5.0,7,CA
66 E Forest Ave,Cannabis Dispensaries,,,Anaheim,2573.901015743643,Strain Depot,False,$$,4.0,50,CA
1234 Library St,Cannabis Dispensaries,Cannabis Tours,,Buena Park,4786.58735823642,FlyBuds,False,$$,5.0,32,CA
3148 Woodward Ave,Cannabis Dispensaries,,,Orange,3395.179073872804,BuDelivery Orange,False,$,5.0,4,CA
1454 Gratiot Ave,Cannabis Dispensaries,Cannabis Collective,Medical Cannabis Referrals,Costa Mesa,4812.29897019413,Temple of Supreme Purity,False,$$,4.5,10,CA
8047 Agnes St,Cannabis Dispensaries,,,Costa Mesa,7794.328846704235,Long Lodge Tribal Enterprises,False,$$,3.0,21,CA
225 Gratiot Ave,Cannabis Dispensaries,,,Cambridge,4820.605367433968,Sira Naturals- Cambridge,False,$$,4.0,10,MA
2030 Park Ave,Cannabis Dispensaries,Head Shops,Medical Cannabis Referrals,Worcester,4241.360368308549,Chase Green Club,False,$$,5.0,1,MA
15 E Kirby St,Social Clubs,Art Galleries,Cannabis Clinics,Colorado Springs,2060.390173028952,Canna Canyon,False,$$,4.5,6,CO
4216 Woodward Ave,Cannabis Dispensaries,,,Colorado Springs,2733.063454952114,Native Roots Dispensary - Austin Bluffs,False,$$$,3.5,3,CO
160 W Fort St,Cannabis Dispensaries,,,Colorado Springs,4966.466507510566,High Country Healing 4,False,$$,5.0,1,CO
800 Woodward Ave,Cannabis Dispensaries,,,Colorado Springs,4992.846622311745,JP Wellness,False,$$$,4.0,1,CO
1416 E Fisher Fwy,Cannabis Dispensaries,,,Colorado Springs,4709.450915447322,Kind Therapeutics,False,$$,5.0,1,CO
1454 Gratiot Ave,Cannabis Dispensaries,,,Colorado Springs,4812.29897019413,The Green House,False,$$,3.5,2,CO
420 Peterboro St,Cannabis Dispensaries,,,Colorado Springs,3202.973233018868,Quality Choice Alternative Care Center,False,$$,2.5,3,CO
500 Woodward Ave,Vape Shops,Cannabis Clinics,Head Shops,Colorado Springs,5184.276642808492,Mr Nice Guys Vape CBD and KRATOM,False,$,4.0,1,CO
8047 Agnes St,Cannabis Dispensaries,,,Colorado Springs,7794.328846704235,Native Roots Dispensary - Tejon,False,$,1.0,2,CO
419 Monroe St,Cannabis Dispensaries,,,Colorado Springs,4985.225276526923,Native Roots Dispensary - Uintah,False,$$$,4.0,1,CO
2130 Michigan Ave,Cannabis Clinics,Cannabis Dispensaries,,Santa Ana,3651.2396598594514,Stoney Cannabis Delivery,False,$,3.5,44,CA
160 W Fort St,Cannabis Dispensaries,,,Chino,4966.466507510566,Lucky Farms- Chino,False,$$,5.0,1,CA
2901 Grand River Ave,Couriers & Delivery Services,Cannabis Clinics,Cannabis Dispensaries,Orange County,3251.8277521559585,HerbanMed Delivery,False,$$,5.0,4,CA
2200 W Lafayette Blvd,Cannabis Dispensaries,,,Yonkers,4786.002465206536,Etain Health Medical Marijuana Dispensary,False,$$,3.0,5,NY
4730 W Vernor Hwy,Cannabis Dispensaries,,,New York,4871.9657825675595,Etain,False,$$$$,2.5,15,NY
47 Watson St,Cannabis Dispensaries,,,Cranbury Township,3488.0998284615575,Breakwater Treatment & Wellness,False,$$,4.0,18,NJ
1538 Centre St,Cannabis Clinics,Medical Spas,,Santa Ana,4595.922291224025,Steady Care Medical Clinic,False,$,4.5,100,CA
441 W Canfield,Cannabis Dispensaries,Cannabis Tours,,Buena Park,2451.0059697351717,FlyBuds,False,$$,5.0,32,CA
488 Selden St,Cannabis Dispensaries,,,Santa Ana,2754.659756780607,MedMen Santa Ana,False,$$,4.5,91,CA
2901 Grand River Ave,Cannabis Dispensaries,,,Los Angeles,3251.8277521559585,Green Earth Collective,False,$$,4.5,81,CA
1426 Bagley Ave,Cannabis Clinics,Cannabis Dispensaries,,Los Angeles,4191.453902444791,Kushfly,False,$$,4.0,143,CA
66 E Forest Ave,Cannabis Dispensaries,,,Santa Ana,2573.901015743643,People's OC,False,$$,3.5,246,CA
624 Brush St,Cannabis Dispensaries,Cannabis Collective,,Sherman Oaks,5244.930545930927,The Higher Path,False,$$,4.5,146,CA
4476 2nd Ave,Cannabis Clinics,Cannabis Collective,Cannabis Dispensaries,Los Angeles,2281.4935192473545,Cornerstone Research Collective,False,$$,4.0,102,CA
3148 Woodward Ave,Cannabis Dispensaries,,,Long Beach,3395.179073872804,2HIGH2DIE,False,$$$,5.0,2,CA
1454 Gratiot Ave,Cannabis Dispensaries,,,Los Angeles,4812.29897019413,Universal Collective,False,$$,4.5,41,CA
420 Peterboro St,Cannabis Clinics,Cannabis Dispensaries,,Los Angeles,3202.973233018868,Green Door West Delivery,False,$$,4.5,38,CA
500 Woodward Ave,Cannabis Clinics,Cannabis Dispensaries,Cannabis Collective,Torrance,5184.276642808492,Green Cross of Torrance,False,$$,4.0,38,CA
8047 Agnes St,Cannabis Dispensaries,,,West Hollywood,7794.328846704235,Alternative Herbal Health Services,False,$$,4.5,37,CA
608 Woodward Ave,Cannabis Dispensaries,,,Los Angeles,5151.596983386501,Exhalence LA,False,$$$$,4.5,32,CA
719 Griswold St,Cannabis Dispensaries,,,Anchorage,4983.262814966484,Enlighten Alaska,False,$$$,4.0,9,AK
2200 W Lafayette Blvd,Cannabis Dispensaries,,,Anchorage,4786.002465206536,Catalyst Cannabis Co,False,$$$,5.0,4,AK
2138 Michigan Ave,Cannabis Dispensaries,,,Anchorage,3642.5208959143565,Raspberry Roots,False,$,5.0,5,AK
15 E Kirby St,Cannabis Dispensaries,,,Anchorage,2060.390173028952,AK Frost,False,$$,4.5,6,AK
1413 Brooklyn St,Cannabis Dispensaries,,,Anchorage,4401.3703833712,Cannabaska,False,$$,3.5,11,AK
225 Gratiot Ave,Cannabis Dispensaries,,,Anchorage,4820.605367433968,Alaska Fireweed,False,$$,4.0,8,AK
4730 W Vernor Hwy,Cannabis Dispensaries,,,Anchorage,4871.9657825675595,AK Slow Burn,False,$$,4.5,4,AK
47 Watson St,Cannabis Dispensaries,,,Anchorage,3488.0998284615575,Satori,False,$$$,4.5,4,AK
1431 Times Square,Cannabis Dispensaries,,,Anchorage,4467.444704115641,Dankorage,False,$$$,3.0,10,AK
4265 Woodward Ave,Cannabis Dispensaries,,,Anchorage,2656.3899477932446,Fuzzy Budz,False,$$,3.5,3,AK
1538 Centre St,Cannabis Dispensaries,,,Anchorage,4595.922291224025,Arctic Herbery,False,$$$$,3.5,4,AK
250 W Larned St,Cannabis Dispensaries,,,Anchorage,5166.182652766659,Great Northern Cannabis,False,$$$,3.0,9,AK
441 W Canfield,Cannabis Dispensaries,,,Anchorage,2451.0059697351717,ALASKAbuds,False,$$,2.5,3,AK
15 E Kirby St,Cannabis Dispensaries,,,Mesa,2060.390173028952,Kind Meds,False,$$$,4.5,9,AZ
2130 Michigan Ave,Cannabis Dispensaries,,,Gilbert,3651.2396598594514,Emerald Dispensary- Gilbert,False,$,4.0,40,AZ
4730 W Vernor Hwy,Cannabis Dispensaries,,,Phoenix,4871.9657825675595,Trumed Dispensary,False,$$,4.5,64,AZ
2163 Michigan Ave,Cannabis Dispensaries,,,Mesa,3683.7013418574566,Greenpharms Dispensary Mesa,False,$$,2.0,15,AZ
3100 Woodward Ave,Cannabis Dispensaries,,,Chandler,3466.283109169473,Oasis Dispensaries - South,False,$$$,3.5,30,AZ
250 W Larned St,Cannabis Dispensaries,,,Phoenix,5166.182652766659,Curaleaf,False,$$,4.0,14,AZ
1426 Bagley Ave,Cannabis Dispensaries,,,Phoenix,4191.453902444791,Desert Rose Dispensary,False,$,3.0,25,AZ
719 Griswold St,Cannabis Dispensaries,,,Reno,4983.262814966484,Mynt Cannabis Dispensary,False,$$,4.0,88,NV
2200 W Lafayette Blvd,Cannabis Dispensaries,,,Reno,4786.002465206536,The Dispensary,False,$$,3.5,66,NV
2138 Michigan Ave,Cannabis Dispensaries,,,Reno,3642.5208959143565,Blüm Reno,False,$$,3.5,59,NV
15 E Kirby St,Cannabis Dispensaries,,,Reno,2060.390173028952,Silver State Relief,False,$$,4.0,56,NV
1413 Brooklyn St,Cannabis Dispensaries,,,Reno,4401.3703833712,Sierra Well,False,$$,4.0,37,NV
4730 W Vernor Hwy,Cannabis Clinics,Cannabis Dispensaries,,Sun Valley,4871.9657825675595,Kanna,False,$$,5.0,7,NV
2520 Michigan Ave,Cannabis Dispensaries,,,Sparks,3522.0292933785536,Reef Dispensaries,False,$$,3.5,19,NV
3100 Woodward Ave,Cannabis Dispensaries,,,Carson City,3466.283109169473,RISE Dispensaries,False,$$$,3.5,19,NV
1431 Times Square,Cannabis Dispensaries,,,Sun Valley,4467.444704115641,Reef Dispensaries,False,$$,3.5,8,NV
719 Griswold St,Cannabis Dispensaries,,,Tallahassee,4983.262814966484,Knox Cannabis Dispensary - Tallahassee,False,$$$,5.0,2,FL
225 Gratiot Ave,Cannabis Dispensaries,,,Port Hueneme,4820.605367433968,From The Earth,False,$$,3.0,9,CA
1431 Times Square,Cannabis Dispensaries,,,Ojai,4467.444704115641,Ojai Greens Cannabis Dispensary,False,$$,4.5,8,CA
2138 Michigan Ave,Cannabis Dispensaries,,,Hollywood,3642.5208959143565,Extra Special Delivery,False,$,5.0,72,CA
4730 W Vernor Hwy,Cannabis Dispensaries,Cannabis Collective,,Sherman Oaks,4871.9657825675595,The Higher Path,False,$$,4.5,146,CA
47 Watson St,Cannabis Clinics,Cannabis Dispensaries,,Los Angeles,3488.0998284615575,Kushfly,False,$$,4.0,143,CA
4265 Woodward Ave,Cannabis Dispensaries,,,West Hollywood,2656.3899477932446,MedMen West Hollywood,False,$$,3.5,307,CA
1538 Centre St,Cannabis Clinics,Cannabis Dispensaries,,Los Angeles,4595.922291224025,HERB,False,$$,4.5,63,CA
441 W Canfield,Cannabis Dispensaries,,,Los Angeles,2451.0059697351717,Green Earth Collective,False,$$,4.5,81,CA
160 W Fort St,Cannabis Dispensaries,,,Los Angeles,4966.466507510566,MedMen Downtown - DTLA,False,$$,4.0,121,CA
2100 Michigan Ave,Cannabis Dispensaries,,,Los Angeles,3660.216029559591,Organic Kind,False,$$$,5.0,36,CA
2030 Park Ave,Cannabis Dispensaries,,,Los Angeles,4241.360368308549,Mecca Natural Medicine,False,$,4.0,113,CA
2901 Grand River Ave,Cannabis Dispensaries,,,Los Angeles,3251.8277521559585,MedMen Abbot Kinney,False,$,4.5,88,CA
1426 Bagley Ave,Cannabis Dispensaries,,,West Hollywood,4191.453902444791,Top Shelf Delivery,False,$$$$,4.5,53,CA
800 Woodward Ave,Cannabis Clinics,Cannabis Dispensaries,Couriers & Delivery Services,Santa Monica,4992.846622311745,Pot Valet,False,$$,4.5,55,CA
1234 Library St,Cannabis Clinics,Cannabis Collective,Cannabis Dispensaries,Los Angeles,4786.58735823642,Cornerstone Research Collective,False,$$,4.0,102,CA
624 Brush St,Cannabis Dispensaries,,,Los Angeles,5244.930545930927,FireHaus Marijuana Dispensary,False,$$,4.0,79,CA
155 W Congress St,Cannabis Dispensaries,,,Los Angeles,5144.162479120107,Universal Collective,False,$$,4.5,41,CA
1416 E Fisher Fwy,Cannabis Dispensaries,,,West Hollywood,4709.450915447322,Los Angeles Patients & Caregivers Group,False,$$,4.5,86,CA
8047 Agnes St,Cannabis Dispensaries,,,Los Angeles,7794.328846704235,Exhalence LA,False,$$$$,4.5,32,CA
419 Monroe St,Cannabis Clinics,Cannabis Dispensaries,,Los Angeles,4985.225276526923,Green Door West Delivery,False,$$,4.5,38,CA
76 W Adams Ave,Cannabis Dispensaries,,,West Hollywood,4275.543511857755,Alternative Herbal Health Services,False,$$,4.5,37,CA
4620 Cass Ave,Cannabis Dispensaries,Cannabis Clinics,Cannabis Collective,Los Angeles,2363.2455221110486,Western Caregivers / California Cannabis Melrose,False,$$,4.5,31,CA
2200 W Lafayette Blvd,Cannabis Dispensaries,,,Orlando,4786.002465206536,Trulieve - Orlando,False,$$,3.5,13,FL
2138 Michigan Ave,Cannabis Dispensaries,Cannabis Clinics,,Orlando,3642.5208959143565,Surterra Wellness,False,$$,4.0,5,FL
15 E Kirby St,Cannabis Dispensaries,,,Orlando,2060.390173028952,Knox Cannabis Dispensary - Orlando,False,$$,2.5,7,FL
2138 Michigan Ave,Cannabis Dispensaries,Alternative Medicine,,Portland,3642.5208959143565,Serra Dispensary Downtown,False,$$,4.5,73,OR
1413 Brooklyn St,Cannabis Dispensaries,,,Portland,4401.3703833712,MindRite,False,$$,5.0,34,OR
2130 Michigan Ave,Cannabis Dispensaries,,,Portland,3651.2396598594514,Natural Wonders,False,$$,4.5,41,OR
2520 Michigan Ave,Drugstores,Cannabis Clinics,,Portland,3522.0292933785536,Nectar - Mississippi,False,$$,4.0,54,OR
2163 Michigan Ave,Cannabis Dispensaries,,,Portland,3683.7013418574566,Oregon's Finest,False,$$$,4.0,48,OR
3100 Woodward Ave,Cannabis Dispensaries,,,Portland,3466.283109169473,The Kings Of Canna,False,$$$,4.5,23,OR
1538 Centre St,Cannabis Dispensaries,,,Portland,4595.922291224025,Nectar - Sandy,False,$$,4.0,42,OR
441 W Canfield,Cannabis Dispensaries,Alternative Medicine,,Portland,2451.0059697351717,Serra Dispensary Belmont,False,$$,4.0,37,OR
488 Selden St,Cannabis Dispensaries,,,Portland,2754.659756780607,Oregon's Finest,False,$$,4.5,22,OR
160 W Fort St,Cannabis Dispensaries,,,Portland,4966.466507510566,Nectar - Barbur,False,$$,4.0,41,OR
2030 Park Ave,Cannabis Dispensaries,,,Portland,4241.360368308549,Deanz Greenz,False,$$,4.0,25,OR
2901 Grand River Ave,Cannabis Dispensaries,,,Portland,3251.8277521559585,Cannabliss - Firestation 23,False,$$,4.0,27,OR
624 Brush St,Cannabis Dispensaries,,,Portland,5244.930545930927,Green Front,False,$$,3.5,28,OR
612 Woodward Ave,Cannabis Dispensaries,,,Portland,5143.369467083192,Parlour Cannabis Shoppe,False,$$,4.5,13,OR
155 W Congress St,Cannabis Dispensaries,Cannabis Clinics,,Portland,5144.162479120107,Green Hop,False,$$,4.5,10,OR
400 E Congress St,Cannabis Dispensaries,,,Portland,5301.151958380003,Stone Age Farmacy PDX,False,$$,3.5,19,OR
1416 E Fisher Fwy,Cannabis Dispensaries,,,Portland,4709.450915447322,Botanica,False,$$,4.0,16,OR
20510 Livernois Ave,Cannabis Clinics,Cannabis Dispensaries,,Portland,10114.547072546644,Chalice Farms - Powell,False,$$,4.0,14,OR
2515 Riopelle St,Cannabis Dispensaries,,,Portland,4629.105553382671,Foster Buds - NE Glisan,False,$$$$,4.0,11,OR
419 Monroe St,Cannabis Dispensaries,,,Portland,4985.225276526923,Amberlight Cannabis House,False,$$,5.0,4,OR
76 W Adams Ave,Cannabis Dispensaries,Cannabis Collective,,Portland,4275.543511857755,Tetra Cannabis,False,$$,4.0,15,OR
719 Griswold St,Cannabis Dispensaries,Cannabis Tours,,Salem,4983.262814966484,Diem Cannabis Dispensary Salem,False,$$,4.5,20,OR
1431 Times Square,Cannabis Dispensaries,,,Salem,4467.444704115641,Green Cross Cannabis Emporium,False,$$,3.0,8,OR
4265 Woodward Ave,Cannabis Dispensaries,,,Salem,2656.3899477932446,Truth Dispensary,False,$,5.0,1,OR
441 W Canfield,Cannabis Dispensaries,,,Salem,2451.0059697351717,Thc Recreation Station,False,$$$$,2.0,4,OR
488 Selden St,Cannabis Dispensaries,Cannabis Clinics,,Salem,2754.659756780607,Ancient Remedies,False,$$,5.0,2,OR
15 E Kirby St,Cannabis Dispensaries,,,Riverside,2060.390173028952,Mr Clone,False,$$,3.5,6,CA
3100 Woodward Ave,Cannabis Clinics,Cannabis Dispensaries,,Santa Ana,3466.283109169473,Stoney Cannabis Delivery,False,$,3.5,44,CA
2030 Park Ave,Cannabis Dispensaries,,,Riverside,4241.360368308549,IE 420 Supply,False,$$,4.0,1,CA
2462 Riopelle St,Cannabis Dispensaries,,,Chino,4698.363901073298,Lucky Farms- Chino,False,$$,5.0,1,CA
78 W Adams Ave,Couriers & Delivery Services,Cannabis Clinics,Cannabis Dispensaries,Orange County,4284.553921587478,HerbanMed Delivery,False,$$,5.0,4,CA
3100 Woodward Ave,Cannabis Clinics,Cannabis Dispensaries,,Santa Ana,3466.283109169473,Stoney Cannabis Delivery,False,$,3.5,44,CA
160 W Fort St,Cannabis Dispensaries,,,Chino,4966.466507510566,Lucky Farms- Chino,False,$$,5.0,1,CA
624 Brush St,Couriers & Delivery Services,Cannabis Clinics,Cannabis Dispensaries,Orange County,5244.930545930927,HerbanMed Delivery,False,$$,5.0,4,CA
3148 Woodward Ave,Cannabis Dispensaries,,,Riverside,3395.179073872804,IE 420 Supply,False,$$,4.0,1,CA
1431 Times Square,Cannabis Dispensaries,,,New York,4467.444704115641,Etain,False,$$$$,2.5,15,NY
488 Selden St,Cannabis Dispensaries,,,Cranbury Township,2754.659756780607,Breakwater Treatment & Wellness,False,$$,4.0,18,NJ
2163 Michigan Ave,Cannabis Dispensaries,,,New York,3683.7013418574566,Etain,False,$$$$,2.5,15,NY
1431 Times Square,Cannabis Dispensaries,,,Cranbury Township,4467.444704115641,Breakwater Treatment & Wellness,False,$$,4.0,18,NJ
2163 Michigan Ave,Cannabis Clinics,Cannabis Dispensaries,,Santa Ana,3683.7013418574566,Stoney Cannabis Delivery,False,$,3.5,44,CA
1426 Bagley Ave,Cannabis Dispensaries,,,Chino,4191.453902444791,Lucky Farms- Chino,False,$$,5.0,1,CA
612 Woodward Ave,Couriers & Delivery Services,Cannabis Clinics,Cannabis Dispensaries,Orange County,5143.369467083192,HerbanMed Delivery,False,$$,5.0,4,CA
719 Griswold St,Juice Bars & Smoothies,Cannabis Clinics,Acai Bowls,San Antonio,4983.262814966484,Farm to Juice,False,$$,4.0,35,TX
15 E Kirby St,Cannabis Dispensaries,,,Portland,2060.390173028952,MindRite,False,$$,5.0,34,OR
1413 Brooklyn St,Cannabis Dispensaries,,,Portland,4401.3703833712,Natural Wonders,False,$$,4.5,41,OR
2520 Michigan Ave,Cannabis Clinics,Cannabis Dispensaries,,Vancouver,3522.0292933785536,High 5 Cannabis,False,$$,4.5,30,WA
47 Watson St,Cannabis Clinics,Head Shops,,Vancouver,3488.0998284615575,The Herbery - 164th,False,$$,3.5,47,WA
4216 Woodward Ave,Cannabis Dispensaries,Alternative Medicine,,Portland,2733.063454952114,Serra Dispensary Downtown,False,$$,4.5,73,OR
441 W Canfield,Cannabis Dispensaries,,,Portland,2451.0059697351717,Botanica,False,$$,4.0,16,OR
488 Selden St,Cannabis Dispensaries,,,Milwaukie,2754.659756780607,Top Shelf Budz,False,$$,4.0,15,OR
160 W Fort St,Cannabis Dispensaries,,,Portland,4966.466507510566,The Kings Of Canna,False,$$$,4.5,23,OR
2100 Michigan Ave,Drugstores,Cannabis Clinics,,Portland,3660.216029559591,Nectar - Mississippi,False,$$,4.0,54,OR
800 Woodward Ave,Cannabis Dispensaries,,,Portland,4992.846622311745,Nectar - Sandy,False,$$,4.0,42,OR
2462 Riopelle St,Cannabis Dispensaries,,,Portland,4698.363901073298,Oregon's Finest,False,$$$,4.0,48,OR
155 W Congress St,Cannabis Dispensaries,,,Portland,5144.162479120107,Oregon's Finest,False,$$,4.5,22,OR
78 W Adams Ave,Cannabis Dispensaries,Cannabis Clinics,,Portland,4284.553921587478,Green Hop,False,$$,4.5,10,OR
400 E Congress St,Cannabis Dispensaries,,,Vancouver,5301.151958380003,Mary Jane's House of Grass,False,$$,3.5,6,WA
500 Woodward Ave,Cannabis Dispensaries,,,Portland,5184.276642808492,Green Front,False,$$,3.5,28,OR
2138 Michigan Ave,Cannabis Dispensaries,,,Tampa,3642.5208959143565,Surterra Wellness,False,$$,4.0,13,FL
2138 Michigan Ave,Cannabis Dispensaries,,,Miami,3642.5208959143565,Trulieve - Miami,False,$$$,4.0,22,FL
2520 Michigan Ave,Cannabis Dispensaries,Cannabis Clinics,,Miami Beach,3522.0292933785536,Surterra Wellness - Miami Beach,False,$$,4.5,10,FL
2163 Michigan Ave,Cannabis Clinics,Cannabis Dispensaries,,Santa Ana,3683.7013418574566,Stoney Cannabis Delivery,False,$,3.5,44,CA
250 W Larned St,Couriers & Delivery Services,Cannabis Clinics,Cannabis Dispensaries,Orange County,5166.182652766659,HerbanMed Delivery,False,$$,5.0,4,CA
15 E Kirby St,Cannabis Dispensaries,,,Phoenix,2060.390173028952,Metro Meds Dispensary,False,$$,4.0,27,AZ
1413 Brooklyn St,Cannabis Dispensaries,,,Phoenix,4401.3703833712,Trumed Dispensary,False,$$,4.5,64,AZ
2520 Michigan Ave,Cannabis Dispensaries,,,Youngtown,3522.0292933785536,Curaleaf Youngtown,False,$,4.5,8,AZ
2163 Michigan Ave,Cannabis Dispensaries,,,Glendale,3683.7013418574566,Ponderosa Releaf,False,$$,5.0,1,AZ
1431 Times Square,Cannabis Dispensaries,,,Phoenix,4467.444704115641,Emerald Dispensary - Phoenix,False,$$,3.5,11,AZ
160 W Fort St,Cannabis Dispensaries,,,Phoenix,4966.466507510566,Curaleaf,False,$$,4.0,14,AZ
1426 Bagley Ave,Cannabis Dispensaries,,,Phoenix,4191.453902444791,Desert Rose Dispensary,False,$,3.0,25,AZ
2462 Riopelle St,Cannabis Dispensaries,,,Sun City,4698.363901073298,All Greens Dispensary,False,$,2.5,10,AZ
155 W Congress St,Cannabis Dispensaries,,,Sun City,5144.162479120107,White Mountain Health Center,False,$$,2.0,5,AZ
1454 Gratiot Ave,Cannabis Dispensaries,,,Phoenix,4812.29897019413,Phoenix Relief Center,False,$,4.0,2,AZ
719 Griswold St,Cannabis Dispensaries,,,Chicago,4983.262814966484,CBD Kratom,False,$$,4.5,16,IL
2138 Michigan Ave,Cannabis Dispensaries,,,Chicago,3642.5208959143565,The Herbal Care Center,False,$$,5.0,14,IL
2130 Michigan Ave,Cannabis Dispensaries,Cannabis Clinics,,Chicago,3651.2396598594514,GreenGate Chicago,False,$$,5.0,8,IL
2163 Michigan Ave,Cannabis Dispensaries,,,Chicago,3683.7013418574566,Midway Dispensary,False,$$$,5.0,3,IL
1431 Times Square,Cannabis Dispensaries,Cannabis Clinics,,Chicago,4467.444704115641,MOCA - Modern Cannabis,False,$$,4.0,3,IL
2200 W Lafayette Blvd,Cannabis Dispensaries,,,Miami,4786.002465206536,Trulieve - Miami,False,$$$,4.0,22,FL
15 E Kirby St,Cannabis Dispensaries,Cannabis Clinics,,Miami Beach,2060.390173028952,Surterra Wellness - Miami Beach,False,$$,4.5,10,FL
719 Griswold St,Cannabis Dispensaries,,,Henderson,4983.262814966484,The Healing Panda,False,$$,4.5,240,NV
2200 W Lafayette Blvd,Cannabis Dispensaries,,,Henderson,4786.002465206536,Essence Cannabis Dispensary,False,$$,4.0,157,NV
2138 Michigan Ave,Cannabis Dispensaries,,,Henderson,3642.5208959143565,The Dispensary,False,$$,4.5,93,NV
15 E Kirby St,Cannabis Dispensaries,,,Henderson,2060.390173028952,Jenny's Dispensary - Henderson,False,$$,3.5,28,NV
1413 Brooklyn St,Cannabis Dispensaries,,,Las Vegas,4401.3703833712,Oasis Cannabis,False,$$,4.5,111,NV
225 Gratiot Ave,Cannabis Dispensaries,,,Las Vegas,4820.605367433968,Top Notch THC,False,$$,4.0,47,NV
2520 Michigan Ave,Cannabis Dispensaries,,,Las Vegas,3522.0292933785536,Jardín Premium Cannabis Dispensary,False,$$,4.0,66,NV
47 Watson St,Cannabis Dispensaries,,,Las Vegas,3488.0998284615575,Pisos,False,$$,3.0,109,NV
1431 Times Square,Cannabis Dispensaries,Herbal Shops,,Las Vegas,4467.444704115641,Acres Cannabis,False,$$,3.5,58,NV
4265 Woodward Ave,Cannabis Dispensaries,,,Las Vegas,2656.3899477932446,Las Vegas Emerald Essence,False,$,5.0,12,NV
441 W Canfield,Cosmetics & Beauty Supply,Cannabis Clinics,Vitamins & Supplements,Las Vegas,2451.0059697351717,This Stuff Is Good For You,False,$,5.0,9,NV
488 Selden St,Cannabis Dispensaries,,,Las Vegas,2754.659756780607,Inyo Fine Cannabis Dispensary,False,$$,3.5,41,NV
160 W Fort St,Cannabis Dispensaries,,,Las Vegas,4966.466507510566,Shango Marijuana Dispensary Las Vegas,False,$$$,3.0,57,NV
2200 W Lafayette Blvd,Cannabis Dispensaries,,,Sacramento,4786.002465206536,All About Wellness,False,$$,4.0,139,CA
2138 Michigan Ave,Cannabis Dispensaries,,,Sacramento,3642.5208959143565,Valley Health Options,False,$$,4.5,58,CA
1413 Brooklyn St,Cannabis Clinics,Cannabis Dispensaries,Cannabis Collective,Sacramento,4401.3703833712,A Therapeutic Alternative,False,$$$,3.5,68,CA
225 Gratiot Ave,Cannabis Clinics,Cannabis Dispensaries,Cannabis Collective,Sacramento,4820.605367433968,Florin Wellness Center,False,$$,4.0,58,CA
2520 Michigan Ave,Cannabis Dispensaries,,,Sacramento,3522.0292933785536,RCP Sacramento,False,$$,3.5,66,CA
3100 Woodward Ave,Cannabis Dispensaries,,,Sacramento,3466.283109169473,Alpine Alternative,False,$$,3.5,33,CA
441 W Canfield,Cannabis Dispensaries,,,Sacramento,2451.0059697351717,Pot Valet,False,$$,5.0,5,CA
1234 Library St,Cannabis Dispensaries,,,Sacramento,4786.58735823642,Doctors Orders,False,$$,3.0,44,CA
624 Brush St,Cannabis Dispensaries,,,Sacramento,5244.930545930927,Ohana Gardens,False,$$,5.0,5,CA
1454 Gratiot Ave,Cannabis Dispensaries,,,Sacramento,4812.29897019413,Horizon Non Profit Collective,False,$$,2.5,9,CA
76 W Adams Ave,Cannabis Dispensaries,,,Dixon,4275.543511857755,Dixon Wellness Collective,False,$$,4.0,21,CA
15 E Kirby St,Cannabis Dispensaries,,,Modesto,2060.390173028952,Medallion Wellness,False,$,3.5,17,CA
1413 Brooklyn St,Cannabis Dispensaries,,,Modesto,4401.3703833712,Patient Care First,False,$$,3.5,14,CA
2520 Michigan Ave,Cannabis Dispensaries,,,Modesto,3522.0292933785536,The Healing Flower,False,$$,3.0,2,CA
47 Watson St,Cannabis Dispensaries,,,Stockton,3488.0998284615575,Port City Alternative,False,$$,3.5,34,CA
3100 Woodward Ave,Cannabis Dispensaries,,,Empire,3466.283109169473,Empire Health & Wellness,False,$$,2.5,6,CA
1538 Centre St,Cannabis Dispensaries,,,Ceres,4595.922291224025,Kase's Journey,False,$$,5.0,1,CA
1426 Bagley Ave,Cannabis Dispensaries,,,San Mateo,4191.453902444791,Higher Ground Delivery,False,$$,4.0,4,CA
15 E Kirby St,Medical Cannabis Referrals,Head Shops,,Tucson,2060.390173028952,Tumbleweeds Health Center,False,$,3.5,15,AZ
1413 Brooklyn St,Cannabis Clinics,Cannabis Dispensaries,,Tucson,4401.3703833712,Earth's Healing,False,$$,3.5,16,AZ
3100 Woodward Ave,Cannabis Dispensaries,,,Tucson,3466.283109169473,The Prime Leaf,False,$$,3.0,10,AZ
4265 Woodward Ave,Cannabis Dispensaries,,,Tucson,2656.3899477932446,D2 Dispensary,False,$$,3.5,5,AZ
2130 Michigan Ave,Cannabis Dispensaries,,,Tacoma,3651.2396598594514,Zips Cannabis,False,$$,3.5,22,WA
4730 W Vernor Hwy,Cannabis Dispensaries,,,Tacoma,4871.9657825675595,Green Token Cannabis,False,$,4.0,11,WA
2520 Michigan Ave,Cannabis Dispensaries,,,Tacoma,3522.0292933785536,Diamond Green Recreational Marijuana,False,$$$,4.0,13,WA
1431 Times Square,Cannabis Dispensaries,,,Tacoma,4467.444704115641,Cannabis Oasis,False,$$,3.5,8,WA
4265 Woodward Ave,Cannabis Dispensaries,,,Fife,2656.3899477932446,Commencement Bay Cannabis,False,$$,3.5,23,WA
488 Selden St,Cannabis Dispensaries,,,Tacoma,2754.659756780607,Tacoma House of Cannabis,False,$,3.5,3,WA
2100 Michigan Ave,Cannabis Dispensaries,,,Seattle,3660.216029559591,Diego Pellicer,False,$$,4.0,25,WA
2030 Park Ave,Cannabis Dispensaries,Organic Stores,,Seattle,4241.360368308549,The Green Door Seattle,False,$$,4.0,30,WA
1426 Bagley Ave,Cannabis Dispensaries,Cannabis Clinics,,Auburn,4191.453902444791,LUCID Auburn,False,$$,4.0,17,WA
800 Woodward Ave,Cannabis Dispensaries,,,Tacoma,4992.846622311745,Bloom Cannabis - Tacoma,False,$$,2.0,3,WA
66 E Forest Ave,Cannabis Dispensaries,,,Bremerton,2573.901015743643,HWY 420 Bremerton,False,$$,4.0,13,WA
612 Woodward Ave,Cannabis Dispensaries,,,Puyallup,5143.369467083192,112th Street Cannabis,False,$$,3.0,14,WA
1416 E Fisher Fwy,Drugstores,Cannabis Clinics,,Puyallup,4709.450915447322,Herbal Health Center Inc,False,$,4.0,1,WA
1454 Gratiot Ave,Head Shops,Cannabis Clinics,,Puyallup,4812.29897019413,The Gallery - South Hill Puyallup,False,$$,3.0,2,WA
420 Peterboro St,Cannabis Dispensaries,,,Port Orchard,3202.973233018868,420 Spot Shop,False,$,3.0,2,WA
719 Griswold St,Cannabis Dispensaries,,,Kansas City,4983.262814966484,Hemp Haven-  Kansas City,False,$,5.0,1,MO
719 Griswold St,Cannabis Dispensaries,,,Phoenix,4983.262814966484,Trumed Dispensary,False,$$,4.5,64,AZ
4730 W Vernor Hwy,Cannabis Dispensaries,,,Phoenix,4871.9657825675595,Curaleaf,False,$$,4.0,14,AZ
160 W Fort St,Cannabis Dispensaries,,,Phoenix,4966.466507510566,Desert Rose Dispensary,False,$,3.0,25,AZ
2100 Michigan Ave,Cannabis Dispensaries,,,Phoenix,3660.216029559591,Emerald Dispensary - Phoenix,False,$$,3.5,11,AZ
2030 Park Ave,Cannabis Dispensaries,,,Phoenix,4241.360368308549,Curaleaf Camelback,False,$$,2.5,11,AZ
800 Woodward Ave,Cannabis Dispensaries,,,Phoenix,4992.846622311745,Phoenix Relief Center,False,$,4.0,2,AZ
66 E Forest Ave,Cannabis Dispensaries,,,Phoenix,2573.901015743643,Reef Dispensaries,False,$,3.5,3,AZ
2462 Riopelle St,Cannabis Dispensaries,,,Gilbert,4698.363901073298,Emerald Dispensary- Gilbert,False,$,4.0,40,AZ
612 Woodward Ave,Cannabis Dispensaries,,,Phoenix,5143.369467083192,Nirvana Center,False,$$,1.5,19,AZ
3148 Woodward Ave,Cannabis Dispensaries,,,Chandler,3395.179073872804,Oasis Dispensaries - South,False,$$$,3.5,30,AZ
1416 E Fisher Fwy,Cannabis Dispensaries,,,Guadalupe,4709.450915447322,The Mint Dispensary,False,$$,2.5,21,AZ
500 Woodward Ave,Cannabis Dispensaries,,,Phoenix,5184.276642808492,Curaleaf,False,$$,3.0,1,AZ
8047 Agnes St,Cannabis Dispensaries,,,Glendale,7794.328846704235,Ponderosa Releaf,False,$$,5.0,1,AZ
2200 W Lafayette Blvd,Herbal Shops,Health Markets,Cannabis Dispensaries,Oklahoma City,4786.002465206536,Herban Mother,False,$$,5.0,3,OK
719 Griswold St,Cannabis Dispensaries,,,Juneau,4983.262814966484,Green Elephant,False,$$$,4.5,3,AK
2200 W Lafayette Blvd,Cannabis Dispensaries,Cannabis Clinics,,Juneau,4786.002465206536,the fire weed factory,False,$$,5.0,2,AK
2138 Michigan Ave,Cannabis Dispensaries,,,Juneau,3642.5208959143565,Rainforest Farms,False,$$$,2.5,3,AK
719 Griswold St,Cannabis Dispensaries,,,Albuquerque,4983.262814966484,The Verdes Foundation,False,$$,4.0,14,NM
2200 W Lafayette Blvd,Cannabis Dispensaries,Cannabis Clinics,,Albuquerque,4786.002465206536,Everest Apothecary,False,$$,4.0,11,NM
15 E Kirby St,Cannabis Dispensaries,Cannabis Clinics,,Albuquerque,2060.390173028952,Sacred Garden,False,$$,4.0,12,NM
225 Gratiot Ave,Cannabis Dispensaries,,,Albuquerque,4820.605367433968,Urban Wellness,False,$$,3.5,9,NM
2520 Michigan Ave,Cannabis Dispensaries,,,Albuquerque,3522.0292933785536,Urban Wellness,False,$$$,3.5,6,NM
2163 Michigan Ave,Cannabis Dispensaries,,,Albuquerque,3683.7013418574566,CG Corrigan,False,$,3.5,5,NM
4265 Woodward Ave,Cannabis Dispensaries,,,Albuquerque,2656.3899477932446,Purlife,False,$$,3.5,3,NM
2901 Grand River Ave,Cannabis Dispensaries,,,Rio Rancho,3251.8277521559585,Verdes Foundation - Rio Ranch,False,$$$$,4.0,4,NM
66 E Forest Ave,Cannabis Dispensaries,,,Albuquerque,2573.901015743643,Purlife,False,$$,3.0,2,NM
2200 W Lafayette Blvd,Cannabis Dispensaries,Couriers & Delivery Services,Cannabis Collective,Bakersfield,4786.002465206536,Mary Jane's Express,False,$$,5.0,3,CA
2138 Michigan Ave,Cannabis Dispensaries,,,Bakersfield,3642.5208959143565,The Crop,False,$$,5.0,3,CA
2138 Michigan Ave,Cannabis Dispensaries,,,Milford,3642.5208959143565,Arrow Alternative Care,False,$$,5.0,2,CT
719 Griswold St,Cannabis Dispensaries,,,Jacksonville,4983.262814966484,Trulieve - Jacksonville,False,$$$,4.0,22,FL
15 E Kirby St,Cannabis Dispensaries,Head Shops,Medical Cannabis Referrals,Worcester,2060.390173028952,Chase Green Club,False,$$,5.0,1,MA
1413 Brooklyn St,Cannabis Dispensaries,,,San Bernardino,4401.3703833712,Original Medical Group,False,$$,3.0,6,CA
160 W Fort St,Cannabis Clinics,Cannabis Dispensaries,,Santa Ana,4966.466507510566,Stoney Cannabis Delivery,False,$,3.5,44,CA
2462 Riopelle St,Cannabis Dispensaries,,,Riverside,4698.363901073298,IE 420 Supply,False,$$,4.0,1,CA
1234 Library St,Couriers & Delivery Services,Cannabis Clinics,Cannabis Dispensaries,Orange County,4786.58735823642,HerbanMed Delivery,False,$$,5.0,4,CA
2520 Michigan Ave,Cannabis Dispensaries,Couriers & Delivery Services,Medical Cannabis Referrals,Fresno,3522.0292933785536,M Delivers,False,$$,3.5,3,CA
719 Griswold St,Cannabis Dispensaries,,,Stockton,4983.262814966484,Port City Alternative,False,$$,3.5,34,CA
3100 Woodward Ave,Cannabis Dispensaries,,,Sacramento,3466.283109169473,Alpine Alternative,False,$$,3.5,33,CA
250 W Larned St,Cannabis Dispensaries,,,San Andreas,5166.182652766659,Green Gold Cultivators,False,$,5.0,5,CA
160 W Fort St,Cannabis Dispensaries,,,San Mateo,4966.466507510566,Higher Ground Delivery,False,$$,4.0,4,CA
719 Griswold St,Cannabis Dispensaries,,,Spokane,4983.262814966484,Royals Cannabis,False,$,4.5,14,WA
2138 Michigan Ave,Cannabis Dispensaries,,,Spokane,3642.5208959143565,Satori - North,False,$$,4.5,14,WA
15 E Kirby St,Cannabis Dispensaries,,,Spokane,2060.390173028952,Cinder - Downtown,False,$$,5.0,6,WA
4730 W Vernor Hwy,Cannabis Dispensaries,,,Spokane,4871.9657825675595,Satori South,False,$$,4.5,4,WA
3100 Woodward Ave,Cannabis Dispensaries,Cannabis Clinics,,Spokane,3466.283109169473,Smokane,False,$$,3.5,5,WA
719 Griswold St,Cannabis Dispensaries,,,Henderson,4983.262814966484,The Healing Panda,False,$$,4.5,240,NV
2200 W Lafayette Blvd,Cannabis Dispensaries,,,Las Vegas,4786.002465206536,Reef Dispensaries,False,$$,4.0,237,NV
15 E Kirby St,Cannabis Dispensaries,,,Las Vegas,2060.390173028952,The Dispensary,False,$$,4.5,73,NV
225 Gratiot Ave,Cannabis Dispensaries,,,North Las Vegas,4820.605367433968,Reef Dispensaries,False,$$,4.0,83,NV
2130 Michigan Ave,Cannabis Dispensaries,,,Las Vegas,3651.2396598594514,Jardín Premium Cannabis Dispensary,False,$$,4.0,66,NV
4730 W Vernor Hwy,Cannabis Dispensaries,,,Las Vegas,4871.9657825675595,Euphoria Wellness,False,$$,3.5,102,NV
2520 Michigan Ave,Cannabis Dispensaries,,,North Las Vegas,3522.0292933785536,THRIVE Cannabis Marketplace,False,$$,3.0,103,NV
47 Watson St,Cannabis Dispensaries,Herbal Shops,,Las Vegas,3488.0998284615575,Acres Cannabis,False,$$,3.5,58,NV
3100 Woodward Ave,Cannabis Dispensaries,,,Las Vegas,3466.283109169473,Oasis Cannabis,False,$$,4.5,111,NV
4265 Woodward Ave,Cannabis Dispensaries,,,Las Vegas,2656.3899477932446,Nuwu Cannabis Marketplace,False,$,3.5,96,NV
250 W Larned St,Cannabis Dispensaries,,,Las Vegas,5166.182652766659,Essence Cannabis Dispensary,False,$$,3.5,83,NV
441 W Canfield,Cannabis Dispensaries,,,Henderson,2451.0059697351717,The Dispensary,False,$$,4.5,93,NV
488 Selden St,Cannabis Dispensaries,,,Las Vegas,2754.659756780607,Las Vegas Emerald Essence,False,$,5.0,12,NV
160 W Fort St,Cannabis Dispensaries,,,Las Vegas,4966.466507510566,Pisos,False,$$,3.0,109,NV
2100 Michigan Ave,Cannabis Dispensaries,,,Las Vegas,3660.216029559591,Jenny's Dispensary,False,$$,3.0,60,NV
2030 Park Ave,Cannabis Dispensaries,,,Las Vegas,4241.360368308549,Inyo Fine Cannabis Dispensary,False,$$,3.5,41,NV
2462 Riopelle St,Cosmetics & Beauty Supply,Cannabis Clinics,Vitamins & Supplements,Las Vegas,4698.363901073298,This Stuff Is Good For You,False,$,5.0,9,NV
624 Brush St,Cannabis Dispensaries,,,Las Vegas,5244.930545930927,Blüm Las Vegas- Desert Inn,False,$$,3.5,30,NV
612 Woodward Ave,Cannabis Dispensaries,,,Las Vegas,5143.369467083192,Sahara Wellness,False,$$,3.5,21,NV
155 W Congress St,Cannabis Dispensaries,,,Las Vegas,5144.162479120107,CANOPI Cannabis Dispensaries,False,$$$,2.5,29,NV
78 W Adams Ave,Cannabis Dispensaries,,,Las Vegas,4284.553921587478,Shango Marijuana Dispensary Las Vegas,False,$$$,3.0,57,NV
4476 2nd Ave,Cannabis Dispensaries,,,Las Vegas,2281.4935192473545,Thrive Cannabis Marketplace,False,$$,2.5,30,NV
1439 Griswold St,Cannabis Dispensaries,Cannabis Clinics,,Las Vegas,4594.565250118177,CANOPI Cannabis Dispensaries,False,$$,3.0,25,NV
30 Clifford St,Cannabis Dispensaries,,,Las Vegas,4542.582598180416,Blackjack Collective,False,$$,3.5,12,NV
500 Woodward Ave,Cannabis Clinics,Medical Supplies,,Las Vegas,5184.276642808492,"Ultimate ""U"" Medical",False,$$,2.5,10,NV
719 Griswold St,Cannabis Dispensaries,,,Las Vegas,4983.262814966484,Reef Dispensaries,False,$$,4.0,237,NV
2200 W Lafayette Blvd,Cannabis Dispensaries,,,Las Vegas,4786.002465206536,Oasis Cannabis,False,$$,4.5,111,NV
15 E Kirby St,Cannabis Dispensaries,,,Las Vegas,2060.390173028952,The+Source,False,$$,4.0,124,NV
225 Gratiot Ave,Cannabis Dispensaries,,,Las Vegas,4820.605367433968,The Dispensary,False,$$,4.5,73,NV
4730 W Vernor Hwy,Cannabis Dispensaries,,,Las Vegas,4871.9657825675595,Essence Cannabis Dispensary,False,$$,4.0,125,NV
47 Watson St,Cannabis Dispensaries,,,Las Vegas,3488.0998284615575,Nuwu Cannabis Marketplace,False,$,3.5,96,NV
2163 Michigan Ave,Cannabis Dispensaries,,,Las Vegas,3683.7013418574566,Essence Cannabis Dispensary,False,$$,3.5,83,NV
3100 Woodward Ave,Cannabis Dispensaries,,,Las Vegas,3466.283109169473,Jardín Premium Cannabis Dispensary,False,$$,4.0,66,NV
1431 Times Square,Cannabis Dispensaries,,,Las Vegas,4467.444704115641,Euphoria Wellness,False,$$,3.5,102,NV
4265 Woodward Ave,Cannabis Dispensaries,,,Las Vegas,2656.3899477932446,Cannacopia Marijuana Dispensary,False,$$,4.0,66,NV
1538 Centre St,Cannabis Dispensaries,Herbal Shops,,Las Vegas,4595.922291224025,Acres Cannabis,False,$$,3.5,58,NV
250 W Larned St,Cannabis Dispensaries,,,Las Vegas,5166.182652766659,Pisos,False,$$,3.0,109,NV
441 W Canfield,Cannabis Dispensaries,,,Las Vegas,2451.0059697351717,Las Vegas Emerald Essence,False,$,5.0,12,NV
2100 Michigan Ave,Cannabis Dispensaries,,,Las Vegas,3660.216029559591,The Grove - Las Vegas,False,$$,3.5,91,NV
1456 Woodward Ave,Cannabis Dispensaries,,,Las Vegas,4612.7852283475995,Top Notch THC,False,$$,4.0,47,NV
800 Woodward Ave,Cannabis Dispensaries,,,Henderson,4992.846622311745,Essence Cannabis Dispensary,False,$$,4.0,157,NV
66 E Forest Ave,Cosmetics & Beauty Supply,Cannabis Clinics,Vitamins & Supplements,Las Vegas,2573.901015743643,This Stuff Is Good For You,False,$,5.0,9,NV
2462 Riopelle St,Cannabis Dispensaries,,,Las Vegas,4698.363901073298,MMJ America - Las Vegas,False,$$,3.5,35,NV
1234 Library St,Cannabis Dispensaries,,,Henderson,4786.58735823642,The Healing Panda,False,$$,4.5,240,NV
624 Brush St,Cannabis Dispensaries,,,Las Vegas,5244.930545930927,Inyo Fine Cannabis Dispensary,False,$$,3.5,41,NV
612 Woodward Ave,Cannabis Dispensaries,,,Las Vegas,5143.369467083192,NuLeaf Las Vegas,False,$$$,3.5,31,NV
78 W Adams Ave,Cannabis Dispensaries,,,Las Vegas,4284.553921587478,Blüm Las Vegas- Desert Inn,False,$$,3.5,30,NV
3148 Woodward Ave,Cannabis Dispensaries,,,Las Vegas,3395.179073872804,Sahara Wellness,False,$$,3.5,21,NV
1439 Griswold St,Cannabis Dispensaries,,,Las Vegas,4594.565250118177,Shango Marijuana Dispensary Las Vegas,False,$$$,3.0,57,NV
30 Clifford St,Cannabis Dispensaries,,,North Las Vegas,4542.582598180416,Reef Dispensaries,False,$$,4.0,83,NV
1454 Gratiot Ave,Cannabis Dispensaries,,,North Las Vegas,4812.29897019413,THRIVE Cannabis Marketplace,False,$$,3.0,103,NV
420 Peterboro St,Cannabis Dispensaries,,,Henderson,3202.973233018868,The Dispensary,False,$$,4.5,93,NV
500 Woodward Ave,Cannabis Dispensaries,,,Las Vegas,5184.276642808492,Thrive Cannabis Marketplace,False,$$,2.5,30,NV
20510 Livernois Ave,Cannabis Dispensaries,,,Las Vegas,10114.547072546644,Blackjack Collective,False,$$,3.5,12,NV
8047 Agnes St,Cannabis Dispensaries,Cannabis Clinics,,Las Vegas,7794.328846704235,CANOPI Cannabis Dispensaries,False,$$,3.0,25,NV
76 W Adams Ave,Cannabis Dispensaries,,,Las Vegas,4275.543511857755,CANOPI Cannabis Dispensaries,False,$$$,2.5,29,NV
4620 Cass Ave,Cannabis Clinics,Medical Supplies,,Las Vegas,2363.2455221110486,"Ultimate ""U"" Medical",False,$$,2.5,10,NV
2200 W Lafayette Blvd,Cannabis Dispensaries,,,Milford,4786.002465206536,Arrow Alternative Care,False,$$,5.0,2,CT
2200 W Lafayette Blvd,Cannabis Dispensaries,,,Baltimore,4786.002465206536,Maggie's,False,$$,4.5,3,MD
15 E Kirby St,Cannabis Dispensaries,,,Cranbury Township,2060.390173028952,Breakwater Treatment & Wellness,False,$$,4.0,18,NJ
225 Gratiot Ave,Cannabis Dispensaries,,,New York,4820.605367433968,Etain,False,$$$$,2.5,15,NY
2138 Michigan Ave,Cannabis Clinics,Cannabis Dispensaries,Medical Cannabis Referrals,Detroit,3642.5208959143565,THE REEF DETROIT,False,$$,4.0,5,MI
2130 Michigan Ave,Cannabis Dispensaries,,,Detroit,3651.2396598594514,District 7,False,$,5.0,1,MI
3100 Woodward Ave,Cannabis Dispensaries,,,Detroit,3466.283109169473,Greener Crossing Caregiver Center & Dispensary,False,$,3.0,1,MI
